image_id,camera_id,sequence_id,frame_index,day_night,animal_present,image_path,source_image_id,source_file_name,species_label,date_captured,rights_holder
cct0001,cct_location_019,701e9c7d-5567-11e8-ae0c-dca9047ef277,0,day,0,camera_traps/images/cct0001.jpg,5a063147-23d2-11e8-a6a3-ec086b02610b,5a063147-23d2-11e8-a6a3-ec086b02610b.jpg,empty,2013-11-12 08:10:32,Justin Brown
cct0002,cct_location_019,701e9c7d-5567-11e8-ae0c-dca9047ef277,1,day,0,camera_traps/images/cct0002.jpg,5998cd9e-23d2-11e8-a6a3-ec086b02610b,5998cd9e-23d2-11e8-a6a3-ec086b02610b.jpg,empty,2013-11-12 08:10:33,Justin Brown
cct0003,cct_location_019,701e9c7d-5567-11e8-ae0c-dca9047ef277,2,day,0,camera_traps/images/cct0003.jpg,596bda2d-23d2-11e8-a6a3-ec086b02610b,596bda2d-23d2-11e8-a6a3-ec086b02610b.jpg,empty,2013-11-12 08:10:34,Justin Brown
cct0004,cct_location_019,701ea0ae-5567-11e8-bb56-dca9047ef277,0,day,1,camera_traps/images/cct0004.jpg,5a1fe82a-23d2-11e8-a6a3-ec086b02610b,5a1fe82a-23d2-11e8-a6a3-ec086b02610b.jpg,bird,2013-12-05 08:34:50,Justin Brown
cct0005,cct_location_019,701ea0ae-5567-11e8-bb56-dca9047ef277,1,day,1,camera_traps/images/cct0005.jpg,597e60fc-23d2-11e8-a6a3-ec086b02610b,597e60fc-23d2-11e8-a6a3-ec086b02610b.jpg,bird,2013-12-05 08:34:51,Justin Brown
cct0006,cct_location_019,701ea0ae-5567-11e8-bb56-dca9047ef277,2,day,1,camera_traps/images/cct0006.jpg,5987b479-23d2-11e8-a6a3-ec086b02610b,5987b479-23d2-11e8-a6a3-ec086b02610b.jpg,bird,2013-12-05 08:34:52,Justin Brown
cct0007,cct_location_019,701ea4cf-5567-11e8-af5e-dca9047ef277,0,night,0,camera_traps/images/cct0007.jpg,5a063002-23d2-11e8-a6a3-ec086b02610b,5a063002-23d2-11e8-a6a3-ec086b02610b.jpg,empty,2013-12-12 01:48:30,Justin Brown
cct0008,cct_location_019,701ea4cf-5567-11e8-af5e-dca9047ef277,1,night,0,camera_traps/images/cct0008.jpg,598f777d-23d2-11e8-a6a3-ec086b02610b,598f777d-23d2-11e8-a6a3-ec086b02610b.jpg,empty,2013-12-12 01:48:31,Justin Brown
cct0009,cct_location_019,701ea4cf-5567-11e8-af5e-dca9047ef277,2,night,0,camera_traps/images/cct0009.jpg,59941df9-23d2-11e8-a6a3-ec086b02610b,59941df9-23d2-11e8-a6a3-ec086b02610b.jpg,empty,2013-12-12 01:48:32,Justin Brown
cct0010,cct_location_019,701ea9bd-5567-11e8-b800-dca9047ef277,0,night,0,camera_traps/images/cct0010.jpg,59b131db-23d2-11e8-a6a3-ec086b02610b,59b131db-23d2-11e8-a6a3-ec086b02610b.jpg,empty,2014-01-02 03:07:21,Justin Brown
cct0011,cct_location_019,701ea9bd-5567-11e8-b800-dca9047ef277,1,night,0,camera_traps/images/cct0011.jpg,59a49a63-23d2-11e8-a6a3-ec086b02610b,59a49a63-23d2-11e8-a6a3-ec086b02610b.jpg,empty,2014-01-02 03:07:22,Justin Brown
cct0012,cct_location_019,701ea9bd-5567-11e8-b800-dca9047ef277,2,night,0,camera_traps/images/cct0012.jpg,59f46421-23d2-11e8-a6a3-ec086b02610b,59f46421-23d2-11e8-a6a3-ec086b02610b.jpg,empty,2014-01-02 03:07:23,Justin Brown
cct0013,cct_location_019,701eb11c-5567-11e8-a656-dca9047ef277,0,day,1,camera_traps/images/cct0013.jpg,5a1e4f69-23d2-11e8-a6a3-ec086b02610b,5a1e4f69-23d2-11e8-a6a3-ec086b02610b.jpg,bird,2014-04-06 10:20:01,Justin Brown
cct0014,cct_location_019,701eb11c-5567-11e8-a656-dca9047ef277,1,day,1,camera_traps/images/cct0014.jpg,598de8fd-23d2-11e8-a6a3-ec086b02610b,598de8fd-23d2-11e8-a6a3-ec086b02610b.jpg,bird,2014-04-06 10:20:02,Justin Brown
cct0015,cct_location_019,701eb11c-5567-11e8-a656-dca9047ef277,2,day,1,camera_traps/images/cct0015.jpg,59738747-23d2-11e8-a6a3-ec086b02610b,59738747-23d2-11e8-a6a3-ec086b02610b.jpg,bird,2014-04-06 10:20:03,Justin Brown
cct0016,cct_location_019,701eb3f8-5567-11e8-92be-dca9047ef277,0,day,1,camera_traps/images/cct0016.jpg,5a015e2b-23d2-11e8-a6a3-ec086b02610b,5a015e2b-23d2-11e8-a6a3-ec086b02610b.jpg,bird,2014-04-07 07:46:36,Justin Brown
cct0017,cct_location_019,701eb3f8-5567-11e8-92be-dca9047ef277,1,day,1,camera_traps/images/cct0017.jpg,59f79a4c-23d2-11e8-a6a3-ec086b02610b,59f79a4c-23d2-11e8-a6a3-ec086b02610b.jpg,bird,2014-04-07 07:46:37,Justin Brown
cct0018,cct_location_019,701eb3f8-5567-11e8-92be-dca9047ef277,2,day,1,camera_traps/images/cct0018.jpg,59af9712-23d2-11e8-a6a3-ec086b02610b,59af9712-23d2-11e8-a6a3-ec086b02610b.jpg,bird,2014-04-07 07:46:38,Justin Brown
cct0019,cct_location_068,701dccd7-5567-11e8-929d-dca9047ef277,0,day,0,camera_traps/images/cct0019.jpg,59641d1d-23d2-11e8-a6a3-ec086b02610b,59641d1d-23d2-11e8-a6a3-ec086b02610b.jpg,empty,2014-10-21 12:52:05,Justin Brown
cct0020,cct_location_068,701dccd7-5567-11e8-929d-dca9047ef277,1,day,0,camera_traps/images/cct0020.jpg,59531ba7-23d2-11e8-a6a3-ec086b02610b,59531ba7-23d2-11e8-a6a3-ec086b02610b.jpg,empty,2014-10-21 12:52:06,Justin Brown
cct0021,cct_location_068,701dccd7-5567-11e8-929d-dca9047ef277,2,day,0,camera_traps/images/cct0021.jpg,595c6aeb-23d2-11e8-a6a3-ec086b02610b,595c6aeb-23d2-11e8-a6a3-ec086b02610b.jpg,empty,2014-10-21 12:52:07,Justin Brown
cct0022,cct_location_068,701dcd30-5567-11e8-90fa-dca9047ef277,0,day,1,camera_traps/images/cct0022.jpg,5954a8f3-23d2-11e8-a6a3-ec086b02610b,5954a8f3-23d2-11e8-a6a3-ec086b02610b.jpg,lizard,2014-10-22 11:50:47,Justin Brown
cct0023,cct_location_068,701dcd30-5567-11e8-90fa-dca9047ef277,1,day,1,camera_traps/images/cct0023.jpg,5954a810-23d2-11e8-a6a3-ec086b02610b,5954a810-23d2-11e8-a6a3-ec086b02610b.jpg,lizard,2014-10-22 11:50:48,Justin Brown
cct0024,cct_location_068,701dcd30-5567-11e8-90fa-dca9047ef277,2,day,1,camera_traps/images/cct0024.jpg,594b5f6b-23d2-11e8-a6a3-ec086b02610b,594b5f6b-23d2-11e8-a6a3-ec086b02610b.jpg,lizard,2014-10-22 11:50:49,Justin Brown
cct0025,cct_location_068,701dce70-5567-11e8-886f-dca9047ef277,0,day,0,camera_traps/images/cct0025.jpg,59531cf9-23d2-11e8-a6a3-ec086b02610b,59531cf9-23d2-11e8-a6a3-ec086b02610b.jpg,empty,2014-10-30 10:59:55,Justin Brown
cct0026,cct_location_068,701dce70-5567-11e8-886f-dca9047ef277,1,day,0,camera_traps/images/cct0026.jpg,595ded6f-23d2-11e8-a6a3-ec086b02610b,595ded6f-23d2-11e8-a6a3-ec086b02610b.jpg,empty,2014-10-30 10:59:56,Justin Brown
cct0027,cct_location_068,701dce70-5567-11e8-886f-dca9047ef277,2,day,0,camera_traps/images/cct0027.jpg,5954a860-23d2-11e8-a6a3-ec086b02610b,5954a860-23d2-11e8-a6a3-ec086b02610b.jpg,empty,2014-10-30 10:59:57,Justin Brown
cct0028,cct_location_068,701dcfb8-5567-11e8-a002-dca9047ef277,0,day,1,camera_traps/images/cct0028.jpg,595f78d8-23d2-11e8-a6a3-ec086b02610b,595f78d8-23d2-11e8-a6a3-ec086b02610b.jpg,bird,2014-11-02 13:52:25,Justin Brown
cct0029,cct_location_068,701dcfb8-5567-11e8-a002-dca9047ef277,1,day,1,camera_traps/images/cct0029.jpg,59518fd5-23d2-11e8-a6a3-ec086b02610b,59518fd5-23d2-11e8-a6a3-ec086b02610b.jpg,bird,2014-11-02 13:52:26,Justin Brown
cct0030,cct_location_068,701dcfb8-5567-11e8-a002-dca9047ef277,2,day,1,camera_traps/images/cct0030.jpg,595f7a4e-23d2-11e8-a6a3-ec086b02610b,595f7a4e-23d2-11e8-a6a3-ec086b02610b.jpg,bird,2014-11-02 13:52:27,Justin Brown
cct0031,cct_location_068,701dd063-5567-11e8-b5ff-dca9047ef277,0,night,1,camera_traps/images/cct0031.jpg,59531a60-23d2-11e8-a6a3-ec086b02610b,59531a60-23d2-11e8-a6a3-ec086b02610b.jpg,fox,2014-11-05 18:58:03,Justin Brown
cct0032,cct_location_068,701dd063-5567-11e8-b5ff-dca9047ef277,1,night,1,camera_traps/images/cct0032.jpg,595c67cd-23d2-11e8-a6a3-ec086b02610b,595c67cd-23d2-11e8-a6a3-ec086b02610b.jpg,fox,2014-11-05 18:58:04,Justin Brown
cct0033,cct_location_068,701dd063-5567-11e8-b5ff-dca9047ef277,2,night,1,camera_traps/images/cct0033.jpg,594b5e92-23d2-11e8-a6a3-ec086b02610b,594b5e92-23d2-11e8-a6a3-ec086b02610b.jpg,fox,2014-11-05 18:58:04,Justin Brown
cct0034,cct_location_068,701dd105-5567-11e8-8f12-dca9047ef277,0,day,0,camera_traps/images/cct0034.jpg,59595150-23d2-11e8-a6a3-ec086b02610b,59595150-23d2-11e8-a6a3-ec086b02610b.jpg,empty,2014-11-14 12:39:18,Justin Brown
cct0035,cct_location_068,701dd105-5567-11e8-8f12-dca9047ef277,1,day,0,camera_traps/images/cct0035.jpg,59518e32-23d2-11e8-a6a3-ec086b02610b,59518e32-23d2-11e8-a6a3-ec086b02610b.jpg,empty,2014-11-14 12:39:20,Justin Brown
cct0036,cct_location_068,701dd105-5567-11e8-8f12-dca9047ef277,2,day,0,camera_traps/images/cct0036.jpg,594e770d-23d2-11e8-a6a3-ec086b02610b,594e770d-23d2-11e8-a6a3-ec086b02610b.jpg,empty,2014-11-14 12:39:20,Justin Brown
cct0037,cct_location_082,701a5c05-5567-11e8-a469-dca9047ef277,0,day,0,camera_traps/images/cct0037.jpg,593735c5-23d2-11e8-a6a3-ec086b02610b,593735c5-23d2-11e8-a6a3-ec086b02610b.jpg,empty,2014-08-28 12:47:01,Justin Brown
cct0038,cct_location_082,701a5c05-5567-11e8-a469-dca9047ef277,1,day,0,camera_traps/images/cct0038.jpg,585c0605-23d2-11e8-a6a3-ec086b02610b,585c0605-23d2-11e8-a6a3-ec086b02610b.jpg,empty,2014-08-28 12:47:02,Justin Brown
cct0039,cct_location_082,701a5c05-5567-11e8-a469-dca9047ef277,2,day,0,camera_traps/images/cct0039.jpg,59292f7d-23d2-11e8-a6a3-ec086b02610b,59292f7d-23d2-11e8-a6a3-ec086b02610b.jpg,empty,2014-08-28 12:47:03,Justin Brown
cct0040,cct_location_082,701a5c5c-5567-11e8-94c2-dca9047ef277,0,night,0,camera_traps/images/cct0040.jpg,58b6655a-23d2-11e8-a6a3-ec086b02610b,58b6655a-23d2-11e8-a6a3-ec086b02610b.jpg,empty,2014-11-25 19:54:00,Justin Brown
cct0041,cct_location_082,701a5c5c-5567-11e8-94c2-dca9047ef277,1,night,0,camera_traps/images/cct0041.jpg,587b7e0d-23d2-11e8-a6a3-ec086b02610b,587b7e0d-23d2-11e8-a6a3-ec086b02610b.jpg,empty,2014-11-25 19:54:01,Justin Brown
cct0042,cct_location_082,701a5c5c-5567-11e8-94c2-dca9047ef277,2,night,0,camera_traps/images/cct0042.jpg,58b82299-23d2-11e8-a6a3-ec086b02610b,58b82299-23d2-11e8-a6a3-ec086b02610b.jpg,empty,2014-11-25 19:54:01,Justin Brown
cct0043,cct_location_082,701a5d57-5567-11e8-ae64-dca9047ef277,0,night,0,camera_traps/images/cct0043.jpg,58c7f102-23d2-11e8-a6a3-ec086b02610b,58c7f102-23d2-11e8-a6a3-ec086b02610b.jpg,empty,2014-11-30 20:15:14,Justin Brown
cct0044,cct_location_082,701a5d57-5567-11e8-ae64-dca9047ef277,1,night,0,camera_traps/images/cct0044.jpg,5887187c-23d2-11e8-a6a3-ec086b02610b,5887187c-23d2-11e8-a6a3-ec086b02610b.jpg,empty,2014-11-30 20:15:16,Justin Brown
cct0045,cct_location_082,701a5d57-5567-11e8-ae64-dca9047ef277,2,night,0,camera_traps/images/cct0045.jpg,58adc32a-23d2-11e8-a6a3-ec086b02610b,58adc32a-23d2-11e8-a6a3-ec086b02610b.jpg,empty,2014-11-30 20:15:17,Justin Brown
cct0046,cct_location_082,701a5fba-5567-11e8-b4b4-dca9047ef277,0,day,1,camera_traps/images/cct0046.jpg,58fbeecc-23d2-11e8-a6a3-ec086b02610b,58fbeecc-23d2-11e8-a6a3-ec086b02610b.jpg,deer,2014-12-05 17:04:49,Justin Brown
cct0047,cct_location_082,701a5fba-5567-11e8-b4b4-dca9047ef277,1,day,1,camera_traps/images/cct0047.jpg,588dba75-23d2-11e8-a6a3-ec086b02610b,588dba75-23d2-11e8-a6a3-ec086b02610b.jpg,deer,2014-12-05 17:04:50,Justin Brown
cct0048,cct_location_082,701a5fba-5567-11e8-b4b4-dca9047ef277,2,day,1,camera_traps/images/cct0048.jpg,59279bd3-23d2-11e8-a6a3-ec086b02610b,59279bd3-23d2-11e8-a6a3-ec086b02610b.jpg,deer,2014-12-05 17:04:51,Justin Brown
cct0049,cct_location_082,701a68a1-5567-11e8-a5db-dca9047ef277,0,day,1,camera_traps/images/cct0049.jpg,58c7f06f-23d2-11e8-a6a3-ec086b02610b,58c7f06f-23d2-11e8-a6a3-ec086b02610b.jpg,deer,2014-12-05 17:12:54,Justin Brown
cct0050,cct_location_082,701a68a1-5567-11e8-a5db-dca9047ef277,1,day,1,camera_traps/images/cct0050.jpg,589460cc-23d2-11e8-a6a3-ec086b02610b,589460cc-23d2-11e8-a6a3-ec086b02610b.jpg,deer,2014-12-05 17:12:55,Justin Brown
cct0051,cct_location_082,701a68a1-5567-11e8-a5db-dca9047ef277,2,day,1,camera_traps/images/cct0051.jpg,589b0281-23d2-11e8-a6a3-ec086b02610b,589b0281-23d2-11e8-a6a3-ec086b02610b.jpg,deer,2014-12-05 17:12:56,Justin Brown
cct0052,cct_location_082,701a73f5-5567-11e8-aceb-dca9047ef277,0,night,1,camera_traps/images/cct0052.jpg,58dac068-23d2-11e8-a6a3-ec086b02610b,58dac068-23d2-11e8-a6a3-ec086b02610b.jpg,fox,2014-12-15 19:11:34,Justin Brown
cct0053,cct_location_082,701a73f5-5567-11e8-aceb-dca9047ef277,1,night,1,camera_traps/images/cct0053.jpg,58782a37-23d2-11e8-a6a3-ec086b02610b,58782a37-23d2-11e8-a6a3-ec086b02610b.jpg,fox,2014-12-15 19:11:36,Justin Brown
cct0054,cct_location_082,701a73f5-5567-11e8-aceb-dca9047ef277,2,night,1,camera_traps/images/cct0054.jpg,58d93065-23d2-11e8-a6a3-ec086b02610b,58d93065-23d2-11e8-a6a3-ec086b02610b.jpg,fox,2014-12-15 19:11:36,Justin Brown
cct0055,cct_location_103,6f1ac78a-5567-11e8-a80b-dca9047ef277,0,day,0,camera_traps/images/cct0055.jpg,58b4abdc-23d2-11e8-a6a3-ec086b02610b,58b4abdc-23d2-11e8-a6a3-ec086b02610b.jpg,empty,2011-07-20 16:28:36,Justin Brown
cct0056,cct_location_103,6f1ac78a-5567-11e8-a80b-dca9047ef277,1,day,0,camera_traps/images/cct0056.jpg,58ede367-23d2-11e8-a6a3-ec086b02610b,58ede367-23d2-11e8-a6a3-ec086b02610b.jpg,empty,2011-07-20 16:28:38,Justin Brown
cct0057,cct_location_103,6f1ac78a-5567-11e8-a80b-dca9047ef277,2,day,0,camera_traps/images/cct0057.jpg,586e3123-23d2-11e8-a6a3-ec086b02610b,586e3123-23d2-11e8-a6a3-ec086b02610b.jpg,empty,2011-07-20 16:28:39,Justin Brown
cct0058,cct_location_103,6f1ae4ae-5567-11e8-96b2-dca9047ef277,0,night,1,camera_traps/images/cct0058.jpg,58d2ea37-23d2-11e8-a6a3-ec086b02610b,58d2ea37-23d2-11e8-a6a3-ec086b02610b.jpg,coyote,2011-09-05 04:54:20,Justin Brown
cct0059,cct_location_103,6f1ae4ae-5567-11e8-96b2-dca9047ef277,1,night,1,camera_traps/images/cct0059.jpg,58a6e783-23d2-11e8-a6a3-ec086b02610b,58a6e783-23d2-11e8-a6a3-ec086b02610b.jpg,coyote,2011-09-05 04:54:21,Justin Brown
cct0060,cct_location_103,6f1ae4ae-5567-11e8-96b2-dca9047ef277,2,night,1,camera_traps/images/cct0060.jpg,59055ff3-23d2-11e8-a6a3-ec086b02610b,59055ff3-23d2-11e8-a6a3-ec086b02610b.jpg,coyote,2011-09-05 04:54:22,Justin Brown
cct0061,cct_location_103,6f1b4354-5567-11e8-a98c-dca9047ef277,0,night,1,camera_traps/images/cct0061.jpg,58c033b4-23d2-11e8-a6a3-ec086b02610b,58c033b4-23d2-11e8-a6a3-ec086b02610b.jpg,opossum,2012-03-31 02:41:40,Justin Brown
cct0062,cct_location_103,6f1b4354-5567-11e8-a98c-dca9047ef277,1,night,1,camera_traps/images/cct0062.jpg,5914ee06-23d2-11e8-a6a3-ec086b02610b,5914ee06-23d2-11e8-a6a3-ec086b02610b.jpg,opossum,2012-03-31 02:41:41,Justin Brown
cct0063,cct_location_103,6f1b4354-5567-11e8-a98c-dca9047ef277,2,night,1,camera_traps/images/cct0063.jpg,585dabf2-23d2-11e8-a6a3-ec086b02610b,585dabf2-23d2-11e8-a6a3-ec086b02610b.jpg,opossum,2012-03-31 02:41:42,Justin Brown
cct0064,cct_location_103,6f1b5b4f-5567-11e8-9682-dca9047ef277,0,day,0,camera_traps/images/cct0064.jpg,59247c5c-23d2-11e8-a6a3-ec086b02610b,59247c5c-23d2-11e8-a6a3-ec086b02610b.jpg,empty,2012-05-07 12:07:41,Justin Brown
cct0065,cct_location_103,6f1b5b4f-5567-11e8-9682-dca9047ef277,1,day,0,camera_traps/images/cct0065.jpg,587828fb-23d2-11e8-a6a3-ec086b02610b,587828fb-23d2-11e8-a6a3-ec086b02610b.jpg,empty,2012-05-07 12:07:42,Justin Brown
cct0066,cct_location_103,6f1b5b4f-5567-11e8-9682-dca9047ef277,2,day,0,camera_traps/images/cct0066.jpg,59260dc2-23d2-11e8-a6a3-ec086b02610b,59260dc2-23d2-11e8-a6a3-ec086b02610b.jpg,empty,2012-05-07 12:07:43,Justin Brown
cct0067,cct_location_103,6f1b6275-5567-11e8-b8fd-dca9047ef277,0,night,0,camera_traps/images/cct0067.jpg,5879d47a-23d2-11e8-a6a3-ec086b02610b,5879d47a-23d2-11e8-a6a3-ec086b02610b.jpg,empty,2012-05-13 20:48:39,Justin Brown
cct0068,cct_location_103,6f1b6275-5567-11e8-b8fd-dca9047ef277,1,night,0,camera_traps/images/cct0068.jpg,589cb308-23d2-11e8-a6a3-ec086b02610b,589cb308-23d2-11e8-a6a3-ec086b02610b.jpg,empty,2012-05-13 20:48:40,Justin Brown
cct0069,cct_location_103,6f1b6275-5567-11e8-b8fd-dca9047ef277,2,night,0,camera_traps/images/cct0069.jpg,58823c2f-23d2-11e8-a6a3-ec086b02610b,58823c2f-23d2-11e8-a6a3-ec086b02610b.jpg,empty,2012-05-13 20:48:41,Justin Brown
cct0070,cct_location_103,6f1b6ec2-5567-11e8-99af-dca9047ef277,0,night,1,camera_traps/images/cct0070.jpg,59247bce-23d2-11e8-a6a3-ec086b02610b,59247bce-23d2-11e8-a6a3-ec086b02610b.jpg,coyote,2012-05-24 05:54:46,Justin Brown
cct0071,cct_location_103,6f1b6ec2-5567-11e8-99af-dca9047ef277,1,night,1,camera_traps/images/cct0071.jpg,586ade28-23d2-11e8-a6a3-ec086b02610b,586ade28-23d2-11e8-a6a3-ec086b02610b.jpg,coyote,2012-05-24 05:54:47,Justin Brown
cct0072,cct_location_103,6f1b6ec2-5567-11e8-99af-dca9047ef277,2,night,1,camera_traps/images/cct0072.jpg,5874d488-23d2-11e8-a6a3-ec086b02610b,5874d488-23d2-11e8-a6a3-ec086b02610b.jpg,coyote,2012-05-24 05:54:48,Justin Brown
cct0073,cct_location_128,701a937a-5567-11e8-80dd-dca9047ef277,0,night,0,camera_traps/images/cct0073.jpg,58fd7b15-23d2-11e8-a6a3-ec086b02610b,58fd7b15-23d2-11e8-a6a3-ec086b02610b.jpg,empty,2013-11-08 20:35:26,Justin Brown
cct0074,cct_location_128,701a937a-5567-11e8-80dd-dca9047ef277,1,night,0,camera_traps/images/cct0074.jpg,58b821ea-23d2-11e8-a6a3-ec086b02610b,58b821ea-23d2-11e8-a6a3-ec086b02610b.jpg,empty,2013-11-08 20:35:27,Justin Brown
cct0075,cct_location_128,701a937a-5567-11e8-80dd-dca9047ef277,2,night,0,camera_traps/images/cct0075.jpg,58c34d87-23d2-11e8-a6a3-ec086b02610b,58c34d87-23d2-11e8-a6a3-ec086b02610b.jpg,empty,2013-11-08 20:35:27,Justin Brown
cct0076,cct_location_128,701a9533-5567-11e8-bbd4-dca9047ef277,0,night,1,camera_traps/images/cct0076.jpg,58e722fa-23d2-11e8-a6a3-ec086b02610b,58e722fa-23d2-11e8-a6a3-ec086b02610b.jpg,bobcat,2013-11-19 21:37:02,Justin Brown
cct0077,cct_location_128,701a9533-5567-11e8-bbd4-dca9047ef277,1,night,1,camera_traps/images/cct0077.jpg,592de678-23d2-11e8-a6a3-ec086b02610b,592de678-23d2-11e8-a6a3-ec086b02610b.jpg,bobcat,2013-11-19 21:37:03,Justin Brown
cct0078,cct_location_128,701a9533-5567-11e8-bbd4-dca9047ef277,2,night,1,camera_traps/images/cct0078.jpg,5906efbd-23d2-11e8-a6a3-ec086b02610b,5906efbd-23d2-11e8-a6a3-ec086b02610b.jpg,bobcat,2013-11-19 21:37:03,Justin Brown
cct0079,cct_location_128,701a97f0-5567-11e8-9dd5-dca9047ef277,0,night,1,camera_traps/images/cct0079.jpg,58f29535-23d2-11e8-a6a3-ec086b02610b,58f29535-23d2-11e8-a6a3-ec086b02610b.jpg,coyote,2013-11-26 18:24:56,Justin Brown
cct0080,cct_location_128,701a97f0-5567-11e8-9dd5-dca9047ef277,1,night,1,camera_traps/images/cct0080.jpg,58f73cc4-23d2-11e8-a6a3-ec086b02610b,58f73cc4-23d2-11e8-a6a3-ec086b02610b.jpg,coyote,2013-11-26 18:24:57,Justin Brown
cct0081,cct_location_128,701a97f0-5567-11e8-9dd5-dca9047ef277,2,night,1,camera_traps/images/cct0081.jpg,59104ad6-23d2-11e8-a6a3-ec086b02610b,59104ad6-23d2-11e8-a6a3-ec086b02610b.jpg,coyote,2013-11-26 18:24:58,Justin Brown
cct0082,cct_location_128,701aa482-5567-11e8-9a6c-dca9047ef277,0,day,0,camera_traps/images/cct0082.jpg,58c661c9-23d2-11e8-a6a3-ec086b02610b,58c661c9-23d2-11e8-a6a3-ec086b02610b.jpg,empty,2014-10-03 12:47:03,Justin Brown
cct0083,cct_location_128,701aa482-5567-11e8-9a6c-dca9047ef277,1,day,0,camera_traps/images/cct0083.jpg,590b9b5f-23d2-11e8-a6a3-ec086b02610b,590b9b5f-23d2-11e8-a6a3-ec086b02610b.jpg,empty,2014-10-03 12:47:04,Justin Brown
cct0084,cct_location_128,701aa482-5567-11e8-9a6c-dca9047ef277,2,day,0,camera_traps/images/cct0084.jpg,590b9d5d-23d2-11e8-a6a3-ec086b02610b,590b9d5d-23d2-11e8-a6a3-ec086b02610b.jpg,empty,2014-10-03 12:47:05,Justin Brown
cct0085,cct_location_128,701aa61e-5567-11e8-8487-dca9047ef277,0,day,0,camera_traps/images/cct0085.jpg,591e40bc-23d2-11e8-a6a3-ec086b02610b,591e40bc-23d2-11e8-a6a3-ec086b02610b.jpg,empty,2014-10-04 11:46:23,Justin Brown
cct0086,cct_location_128,701aa61e-5567-11e8-8487-dca9047ef277,1,day,0,camera_traps/images/cct0086.jpg,58d47dcd-23d2-11e8-a6a3-ec086b02610b,58d47dcd-23d2-11e8-a6a3-ec086b02610b.jpg,empty,2014-10-04 11:46:24,Justin Brown
cct0087,cct_location_128,701aa61e-5567-11e8-8487-dca9047ef277,2,day,0,camera_traps/images/cct0087.jpg,592c4f63-23d2-11e8-a6a3-ec086b02610b,592c4f63-23d2-11e8-a6a3-ec086b02610b.jpg,empty,2014-10-04 11:46:24,Justin Brown
cct0088,cct_location_128,701aa7ca-5567-11e8-8518-dca9047ef277,0,day,1,camera_traps/images/cct0088.jpg,58dabe9f-23d2-11e8-a6a3-ec086b02610b,58dabe9f-23d2-11e8-a6a3-ec086b02610b.jpg,fox,2014-10-05 12:46:29,Justin Brown
cct0089,cct_location_128,701aa7ca-5567-11e8-8518-dca9047ef277,1,day,1,camera_traps/images/cct0089.jpg,593ef702-23d2-11e8-a6a3-ec086b02610b,593ef702-23d2-11e8-a6a3-ec086b02610b.jpg,fox,2014-10-05 12:46:30,Justin Brown
cct0090,cct_location_128,701aa7ca-5567-11e8-8518-dca9047ef277,2,day,1,camera_traps/images/cct0090.jpg,589cb2e0-23d2-11e8-a6a3-ec086b02610b,589cb2e0-23d2-11e8-a6a3-ec086b02610b.jpg,fox,2014-10-05 12:46:31,Justin Brown
cct0091,cct_location_136,701e3040-5567-11e8-8545-dca9047ef277,0,night,0,camera_traps/images/cct0091.jpg,59420ed9-23d2-11e8-a6a3-ec086b02610b,59420ed9-23d2-11e8-a6a3-ec086b02610b.jpg,empty,2014-03-10 03:14:12,Justin Brown
cct0092,cct_location_136,701e3040-5567-11e8-8545-dca9047ef277,1,night,0,camera_traps/images/cct0092.jpg,58718694-23d2-11e8-a6a3-ec086b02610b,58718694-23d2-11e8-a6a3-ec086b02610b.jpg,empty,2014-03-10 03:14:13,Justin Brown
cct0093,cct_location_136,701e3040-5567-11e8-8545-dca9047ef277,2,night,0,camera_traps/images/cct0093.jpg,594846f5-23d2-11e8-a6a3-ec086b02610b,594846f5-23d2-11e8-a6a3-ec086b02610b.jpg,empty,2014-03-10 03:14:13,Justin Brown
cct0094,cct_location_136,701e463d-5567-11e8-8658-dca9047ef277,0,day,1,camera_traps/images/cct0094.jpg,592abf90-23d2-11e8-a6a3-ec086b02610b,592abf90-23d2-11e8-a6a3-ec086b02610b.jpg,bird,2014-03-14 07:11:46,Justin Brown
cct0095,cct_location_136,701e463d-5567-11e8-8658-dca9047ef277,1,day,1,camera_traps/images/cct0095.jpg,589e66fc-23d2-11e8-a6a3-ec086b02610b,589e66fc-23d2-11e8-a6a3-ec086b02610b.jpg,bird,2014-03-14 07:11:47,Justin Brown
cct0096,cct_location_136,701e463d-5567-11e8-8658-dca9047ef277,2,day,1,camera_traps/images/cct0096.jpg,58fa5efc-23d2-11e8-a6a3-ec086b02610b,58fa5efc-23d2-11e8-a6a3-ec086b02610b.jpg,bird,2014-03-14 07:11:48,Justin Brown
cct0097,cct_location_136,701e6223-5567-11e8-9788-dca9047ef277,0,day,1,camera_traps/images/cct0097.jpg,591b24d2-23d2-11e8-a6a3-ec086b02610b,591b24d2-23d2-11e8-a6a3-ec086b02610b.jpg,rodent,2014-03-25 12:41:59,Justin Brown
cct0098,cct_location_136,701e6223-5567-11e8-9788-dca9047ef277,1,day,1,camera_traps/images/cct0098.jpg,5900a197-23d2-11e8-a6a3-ec086b02610b,5900a197-23d2-11e8-a6a3-ec086b02610b.jpg,rodent,2014-03-25 12:42:00,Justin Brown
cct0099,cct_location_136,701e6223-5567-11e8-9788-dca9047ef277,2,day,1,camera_traps/images/cct0099.jpg,59260dd8-23d2-11e8-a6a3-ec086b02610b,59260dd8-23d2-11e8-a6a3-ec086b02610b.jpg,rodent,2014-03-25 12:42:01,Justin Brown
cct0100,cct_location_136,701e62c2-5567-11e8-9436-dca9047ef277,0,night,0,camera_traps/images/cct0100.jpg,591e409e-23d2-11e8-a6a3-ec086b02610b,591e409e-23d2-11e8-a6a3-ec086b02610b.jpg,empty,2014-03-25 23:38:36,Justin Brown
cct0101,cct_location_136,701e62c2-5567-11e8-9436-dca9047ef277,1,night,0,camera_traps/images/cct0101.jpg,58adc2c8-23d2-11e8-a6a3-ec086b02610b,58adc2c8-23d2-11e8-a6a3-ec086b02610b.jpg,empty,2014-03-25 23:38:37,Justin Brown
cct0102,cct_location_136,701e62c2-5567-11e8-9436-dca9047ef277,2,night,0,camera_traps/images/cct0102.jpg,589e6800-23d2-11e8-a6a3-ec086b02610b,589e6800-23d2-11e8-a6a3-ec086b02610b.jpg,empty,2014-03-25 23:38:37,Justin Brown
cct0103,cct_location_136,701e7b99-5567-11e8-987f-dca9047ef277,0,day,1,camera_traps/images/cct0103.jpg,589e66cc-23d2-11e8-a6a3-ec086b02610b,589e66cc-23d2-11e8-a6a3-ec086b02610b.jpg,rodent,2014-08-20 12:04:52,Justin Brown
cct0104,cct_location_136,701e7b99-5567-11e8-987f-dca9047ef277,1,day,1,camera_traps/images/cct0104.jpg,58d47fa6-23d2-11e8-a6a3-ec086b02610b,58d47fa6-23d2-11e8-a6a3-ec086b02610b.jpg,rodent,2014-08-20 12:04:53,Justin Brown
cct0105,cct_location_136,701e7b99-5567-11e8-987f-dca9047ef277,2,day,1,camera_traps/images/cct0105.jpg,590d2abe-23d2-11e8-a6a3-ec086b02610b,590d2abe-23d2-11e8-a6a3-ec086b02610b.jpg,rodent,2014-08-20 12:04:53,Justin Brown
cct0106,cct_location_136,701e7beb-5567-11e8-bf43-dca9047ef277,0,night,0,camera_traps/images/cct0106.jpg,58a379f1-23d2-11e8-a6a3-ec086b02610b,58a379f1-23d2-11e8-a6a3-ec086b02610b.jpg,empty,2014-08-21 05:02:22,Justin Brown
cct0107,cct_location_136,701e7beb-5567-11e8-bf43-dca9047ef277,1,night,0,camera_traps/images/cct0107.jpg,586935f1-23d2-11e8-a6a3-ec086b02610b,586935f1-23d2-11e8-a6a3-ec086b02610b.jpg,empty,2014-08-21 05:02:23,Justin Brown
cct0108,cct_location_136,701e7beb-5567-11e8-bf43-dca9047ef277,2,night,0,camera_traps/images/cct0108.jpg,58a52e03-23d2-11e8-a6a3-ec086b02610b,58a52e03-23d2-11e8-a6a3-ec086b02610b.jpg,empty,2014-08-21 05:02:23,Justin Brown
cct0109,cct_location_012,701bdb9c-5567-11e8-b8b8-dca9047ef277,0,day,1,camera_traps/images/cct0109.jpg,599fbd76-23d2-11e8-a6a3-ec086b02610b,599fbd76-23d2-11e8-a6a3-ec086b02610b.jpg,coyote,2014-04-28 06:08:01,Justin Brown
cct0110,cct_location_012,701bdb9c-5567-11e8-b8b8-dca9047ef277,1,day,1,camera_traps/images/cct0110.jpg,5971f804-23d2-11e8-a6a3-ec086b02610b,5971f804-23d2-11e8-a6a3-ec086b02610b.jpg,coyote,2014-04-28 06:08:02,Justin Brown
cct0111,cct_location_012,701bdb9c-5567-11e8-b8b8-dca9047ef277,2,day,1,camera_traps/images/cct0111.jpg,5a0fd1f1-23d2-11e8-a6a3-ec086b02610b,5a0fd1f1-23d2-11e8-a6a3-ec086b02610b.jpg,coyote,2014-04-28 06:08:03,Justin Brown
cct0112,cct_location_012,701bdc3d-5567-11e8-ab9b-dca9047ef277,0,day,1,camera_traps/images/cct0112.jpg,5a27d9fe-23d2-11e8-a6a3-ec086b02610b,5a27d9fe-23d2-11e8-a6a3-ec086b02610b.jpg,coyote,2014-04-28 06:08:31,Justin Brown
cct0113,cct_location_012,701bdc3d-5567-11e8-ab9b-dca9047ef277,1,day,1,camera_traps/images/cct0113.jpg,5a0e367b-23d2-11e8-a6a3-ec086b02610b,5a0e367b-23d2-11e8-a6a3-ec086b02610b.jpg,coyote,2014-04-28 06:08:32,Justin Brown
cct0114,cct_location_012,701bdc3d-5567-11e8-ab9b-dca9047ef277,2,day,1,camera_traps/images/cct0114.jpg,598306d0-23d2-11e8-a6a3-ec086b02610b,598306d0-23d2-11e8-a6a3-ec086b02610b.jpg,coyote,2014-04-28 06:08:33,Justin Brown
cct0115,cct_location_012,701bde3a-5567-11e8-92c6-dca9047ef277,0,day,0,camera_traps/images/cct0115.jpg,59f128e5-23d2-11e8-a6a3-ec086b02610b,59f128e5-23d2-11e8-a6a3-ec086b02610b.jpg,empty,2014-08-28 14:40:37,Justin Brown
cct0116,cct_location_012,701bde3a-5567-11e8-92c6-dca9047ef277,1,day,0,camera_traps/images/cct0116.jpg,5a015cfa-23d2-11e8-a6a3-ec086b02610b,5a015cfa-23d2-11e8-a6a3-ec086b02610b.jpg,empty,2014-08-28 14:40:38,Justin Brown
cct0117,cct_location_012,701bde3a-5567-11e8-92c6-dca9047ef277,2,day,0,camera_traps/images/cct0117.jpg,599d7eb9-23d2-11e8-a6a3-ec086b02610b,599d7eb9-23d2-11e8-a6a3-ec086b02610b.jpg,empty,2014-08-28 14:40:39,Justin Brown
cct0118,cct_location_012,701bdee3-5567-11e8-9f11-dca9047ef277,0,night,0,camera_traps/images/cct0118.jpg,59e91acc-23d2-11e8-a6a3-ec086b02610b,59e91acc-23d2-11e8-a6a3-ec086b02610b.jpg,empty,2014-09-05 05:05:51,Justin Brown
cct0119,cct_location_012,701bdee3-5567-11e8-9f11-dca9047ef277,1,night,0,camera_traps/images/cct0119.jpg,59a30ca2-23d2-11e8-a6a3-ec086b02610b,59a30ca2-23d2-11e8-a6a3-ec086b02610b.jpg,empty,2014-09-05 05:05:52,Justin Brown
cct0120,cct_location_012,701bdee3-5567-11e8-9f11-dca9047ef277,2,night,0,camera_traps/images/cct0120.jpg,59f2c625-23d2-11e8-a6a3-ec086b02610b,59f2c625-23d2-11e8-a6a3-ec086b02610b.jpg,empty,2014-09-05 05:05:53,Justin Brown
cct0121,cct_location_012,701be451-5567-11e8-b2d7-dca9047ef277,0,night,1,camera_traps/images/cct0121.jpg,5971f976-23d2-11e8-a6a3-ec086b02610b,5971f976-23d2-11e8-a6a3-ec086b02610b.jpg,rabbit,2014-09-16 18:17:18,Justin Brown
cct0122,cct_location_012,701be451-5567-11e8-b2d7-dca9047ef277,1,night,1,camera_traps/images/cct0122.jpg,59f460cb-23d2-11e8-a6a3-ec086b02610b,59f460cb-23d2-11e8-a6a3-ec086b02610b.jpg,rabbit,2014-09-16 18:17:19,Justin Brown
cct0123,cct_location_012,701be451-5567-11e8-b2d7-dca9047ef277,2,night,1,camera_traps/images/cct0123.jpg,59e91b71-23d2-11e8-a6a3-ec086b02610b,59e91b71-23d2-11e8-a6a3-ec086b02610b.jpg,rabbit,2014-09-16 18:17:19,Justin Brown
cct0124,cct_location_012,701be6fa-5567-11e8-aea8-dca9047ef277,0,day,0,camera_traps/images/cct0124.jpg,5a230ee1-23d2-11e8-a6a3-ec086b02610b,5a230ee1-23d2-11e8-a6a3-ec086b02610b.jpg,empty,2014-09-24 12:00:21,Justin Brown
cct0125,cct_location_012,701be6fa-5567-11e8-aea8-dca9047ef277,1,day,0,camera_traps/images/cct0125.jpg,5a1e51eb-23d2-11e8-a6a3-ec086b02610b,5a1e51eb-23d2-11e8-a6a3-ec086b02610b.jpg,empty,2014-09-24 12:00:22,Justin Brown
cct0126,cct_location_012,701be6fa-5567-11e8-aea8-dca9047ef277,2,day,0,camera_traps/images/cct0126.jpg,59b2e8c9-23d2-11e8-a6a3-ec086b02610b,59b2e8c9-23d2-11e8-a6a3-ec086b02610b.jpg,empty,2014-09-24 12:00:23,Justin Brown
cct0127,cct_location_039,701ebda8-5567-11e8-ae8b-dca9047ef277,0,day,1,camera_traps/images/cct0127.jpg,598f7899-23d2-11e8-a6a3-ec086b02610b,598f7899-23d2-11e8-a6a3-ec086b02610b.jpg,bobcat,2014-02-24 07:49:26,Justin Brown
cct0128,cct_location_039,701ebda8-5567-11e8-ae8b-dca9047ef277,1,day,1,camera_traps/images/cct0128.jpg,5a23108e-23d2-11e8-a6a3-ec086b02610b,5a23108e-23d2-11e8-a6a3-ec086b02610b.jpg,bobcat,2014-02-24 07:49:27,Justin Brown
cct0129,cct_location_039,701ebda8-5567-11e8-ae8b-dca9047ef277,2,day,1,camera_traps/images/cct0129.jpg,597e6333-23d2-11e8-a6a3-ec086b02610b,597e6333-23d2-11e8-a6a3-ec086b02610b.jpg,bobcat,2014-02-24 07:49:28,Justin Brown
cct0130,cct_location_039,701ebdf8-5567-11e8-baa8-dca9047ef277,0,night,0,camera_traps/images/cct0130.jpg,59942081-23d2-11e8-a6a3-ec086b02610b,59942081-23d2-11e8-a6a3-ec086b02610b.jpg,empty,2014-02-24 22:14:26,Justin Brown
cct0131,cct_location_039,701ebdf8-5567-11e8-baa8-dca9047ef277,1,night,0,camera_traps/images/cct0131.jpg,5a049603-23d2-11e8-a6a3-ec086b02610b,5a049603-23d2-11e8-a6a3-ec086b02610b.jpg,empty,2014-02-24 22:14:27,Justin Brown
cct0132,cct_location_039,701ebdf8-5567-11e8-baa8-dca9047ef277,2,night,0,camera_traps/images/cct0132.jpg,5a231154-23d2-11e8-a6a3-ec086b02610b,5a231154-23d2-11e8-a6a3-ec086b02610b.jpg,empty,2014-02-24 22:14:28,Justin Brown
cct0133,cct_location_039,701ec030-5567-11e8-a807-dca9047ef277,0,day,1,camera_traps/images/cct0133.jpg,59da8d11-23d2-11e8-a6a3-ec086b02610b,59da8d11-23d2-11e8-a6a3-ec086b02610b.jpg,bird,2014-03-04 09:46:15,Justin Brown
cct0134,cct_location_039,701ec030-5567-11e8-a807-dca9047ef277,1,day,1,camera_traps/images/cct0134.jpg,5a06315b-23d2-11e8-a6a3-ec086b02610b,5a06315b-23d2-11e8-a6a3-ec086b02610b.jpg,bird,2014-03-04 09:46:16,Justin Brown
cct0135,cct_location_039,701ec030-5567-11e8-a807-dca9047ef277,2,day,1,camera_traps/images/cct0135.jpg,59bca508-23d2-11e8-a6a3-ec086b02610b,59bca508-23d2-11e8-a6a3-ec086b02610b.jpg,bird,2014-03-04 09:46:17,Justin Brown
cct0136,cct_location_039,701ec12b-5567-11e8-8f00-dca9047ef277,0,night,0,camera_traps/images/cct0136.jpg,59fe2446-23d2-11e8-a6a3-ec086b02610b,59fe2446-23d2-11e8-a6a3-ec086b02610b.jpg,empty,2014-03-06 03:23:16,Justin Brown
cct0137,cct_location_039,701ec12b-5567-11e8-8f00-dca9047ef277,1,night,0,camera_traps/images/cct0137.jpg,59f46331-23d2-11e8-a6a3-ec086b02610b,59f46331-23d2-11e8-a6a3-ec086b02610b.jpg,empty,2014-03-06 03:23:17,Justin Brown
cct0138,cct_location_039,701ec12b-5567-11e8-8f00-dca9047ef277,2,night,0,camera_traps/images/cct0138.jpg,59fae396-23d2-11e8-a6a3-ec086b02610b,59fae396-23d2-11e8-a6a3-ec086b02610b.jpg,empty,2014-03-06 03:23:18,Justin Brown
cct0139,cct_location_039,701ec7e3-5567-11e8-8fcd-dca9047ef277,0,night,0,camera_traps/images/cct0139.jpg,5a29658c-23d2-11e8-a6a3-ec086b02610b,5a29658c-23d2-11e8-a6a3-ec086b02610b.jpg,empty,2014-03-21 02:05:31,Justin Brown
cct0140,cct_location_039,701ec7e3-5567-11e8-8fcd-dca9047ef277,1,night,0,camera_traps/images/cct0140.jpg,59ffbbd4-23d2-11e8-a6a3-ec086b02610b,59ffbbd4-23d2-11e8-a6a3-ec086b02610b.jpg,empty,2014-03-21 02:05:32,Justin Brown
cct0141,cct_location_039,701ec7e3-5567-11e8-8fcd-dca9047ef277,2,night,0,camera_traps/images/cct0141.jpg,598495aa-23d2-11e8-a6a3-ec086b02610b,598495aa-23d2-11e8-a6a3-ec086b02610b.jpg,empty,2014-03-21 02:05:33,Justin Brown
cct0142,cct_location_039,701ecf59-5567-11e8-ad2a-dca9047ef277,0,day,1,camera_traps/images/cct0142.jpg,59b13029-23d2-11e8-a6a3-ec086b02610b,59b13029-23d2-11e8-a6a3-ec086b02610b.jpg,rabbit,2014-04-03 08:26:01,Justin Brown
cct0143,cct_location_039,701ecf59-5567-11e8-ad2a-dca9047ef277,1,day,1,camera_traps/images/cct0143.jpg,5991061e-23d2-11e8-a6a3-ec086b02610b,5991061e-23d2-11e8-a6a3-ec086b02610b.jpg,rabbit,2014-04-03 08:26:02,Justin Brown
cct0144,cct_location_039,701ecf59-5567-11e8-ad2a-dca9047ef277,2,day,1,camera_traps/images/cct0144.jpg,59e10324-23d2-11e8-a6a3-ec086b02610b,59e10324-23d2-11e8-a6a3-ec086b02610b.jpg,rabbit,2014-04-03 08:26:03,Justin Brown
cct0145,cct_location_098,6f153807-5567-11e8-9eeb-dca9047ef277,0,day,0,camera_traps/images/cct0145.jpg,58aa58ec-23d2-11e8-a6a3-ec086b02610b,58aa58ec-23d2-11e8-a6a3-ec086b02610b.jpg,empty,2011-05-01 12:20:56,Justin Brown
cct0146,cct_location_098,6f153807-5567-11e8-9eeb-dca9047ef277,1,day,0,camera_traps/images/cct0146.jpg,586adfe3-23d2-11e8-a6a3-ec086b02610b,586adfe3-23d2-11e8-a6a3-ec086b02610b.jpg,empty,2011-05-01 12:20:57,Justin Brown
cct0147,cct_location_098,6f153807-5567-11e8-9eeb-dca9047ef277,2,day,0,camera_traps/images/cct0147.jpg,5940827f-23d2-11e8-a6a3-ec086b02610b,5940827f-23d2-11e8-a6a3-ec086b02610b.jpg,empty,2011-05-01 12:20:58,Justin Brown
cct0148,cct_location_098,6f154c4a-5567-11e8-9873-dca9047ef277,0,day,0,camera_traps/images/cct0148.jpg,58f8cee3-23d2-11e8-a6a3-ec086b02610b,58f8cee3-23d2-11e8-a6a3-ec086b02610b.jpg,empty,2011-07-18 12:24:54,Justin Brown
cct0149,cct_location_098,6f154c4a-5567-11e8-9873-dca9047ef277,1,day,0,camera_traps/images/cct0149.jpg,5858c063-23d2-11e8-a6a3-ec086b02610b,5858c063-23d2-11e8-a6a3-ec086b02610b.jpg,empty,2011-07-18 12:24:55,Justin Brown
cct0150,cct_location_098,6f154c4a-5567-11e8-9873-dca9047ef277,2,day,0,camera_traps/images/cct0150.jpg,587d41d6-23d2-11e8-a6a3-ec086b02610b,587d41d6-23d2-11e8-a6a3-ec086b02610b.jpg,empty,2011-07-18 12:24:56,Justin Brown
cct0151,cct_location_098,6f154c9c-5567-11e8-9cd9-dca9047ef277,0,day,0,camera_traps/images/cct0151.jpg,58cb13fd-23d2-11e8-a6a3-ec086b02610b,58cb13fd-23d2-11e8-a6a3-ec086b02610b.jpg,empty,2011-07-18 13:06:08,Justin Brown
cct0152,cct_location_098,6f154c9c-5567-11e8-9cd9-dca9047ef277,1,day,0,camera_traps/images/cct0152.jpg,58a8a1ee-23d2-11e8-a6a3-ec086b02610b,58a8a1ee-23d2-11e8-a6a3-ec086b02610b.jpg,empty,2011-07-18 13:06:09,Justin Brown
cct0153,cct_location_098,6f154c9c-5567-11e8-9cd9-dca9047ef277,2,day,0,camera_traps/images/cct0153.jpg,590881b9-23d2-11e8-a6a3-ec086b02610b,590881b9-23d2-11e8-a6a3-ec086b02610b.jpg,empty,2011-07-18 13:06:10,Justin Brown
cct0154,cct_location_098,6f154f07-5567-11e8-a9cd-dca9047ef277,0,day,1,camera_traps/images/cct0154.jpg,58b9d5b5-23d2-11e8-a6a3-ec086b02610b,58b9d5b5-23d2-11e8-a6a3-ec086b02610b.jpg,bobcat,2011-08-13 12:59:21,Justin Brown
cct0155,cct_location_098,6f154f07-5567-11e8-a9cd-dca9047ef277,1,day,1,camera_traps/images/cct0155.jpg,5869367f-23d2-11e8-a6a3-ec086b02610b,5869367f-23d2-11e8-a6a3-ec086b02610b.jpg,bobcat,2011-08-13 12:59:22,Justin Brown
cct0156,cct_location_098,6f154f07-5567-11e8-a9cd-dca9047ef277,2,day,1,camera_traps/images/cct0156.jpg,59104c34-23d2-11e8-a6a3-ec086b02610b,59104c34-23d2-11e8-a6a3-ec086b02610b.jpg,bobcat,2011-08-13 12:59:23,Justin Brown
cct0157,cct_location_098,6f157d02-5567-11e8-97c7-dca9047ef277,0,night,1,camera_traps/images/cct0157.jpg,59087efb-23d2-11e8-a6a3-ec086b02610b,59087efb-23d2-11e8-a6a3-ec086b02610b.jpg,opossum,2012-04-29 03:57:15,Justin Brown
cct0158,cct_location_098,6f157d02-5567-11e8-97c7-dca9047ef277,1,night,1,camera_traps/images/cct0158.jpg,587eea5d-23d2-11e8-a6a3-ec086b02610b,587eea5d-23d2-11e8-a6a3-ec086b02610b.jpg,opossum,2012-04-29 03:57:16,Justin Brown
cct0159,cct_location_098,6f157d02-5567-11e8-97c7-dca9047ef277,2,night,1,camera_traps/images/cct0159.jpg,58dabed8-23d2-11e8-a6a3-ec086b02610b,58dabed8-23d2-11e8-a6a3-ec086b02610b.jpg,opossum,2012-04-29 03:57:17,Justin Brown
cct0160,cct_location_098,6f1586e3-5567-11e8-8dfe-dca9047ef277,0,night,1,camera_traps/images/cct0160.jpg,58fa5d9d-23d2-11e8-a6a3-ec086b02610b,58fa5d9d-23d2-11e8-a6a3-ec086b02610b.jpg,opossum,2012-05-10 02:59:55,Justin Brown
cct0161,cct_location_098,6f1586e3-5567-11e8-8dfe-dca9047ef277,1,night,1,camera_traps/images/cct0161.jpg,585daba4-23d2-11e8-a6a3-ec086b02610b,585daba4-23d2-11e8-a6a3-ec086b02610b.jpg,opossum,2012-05-10 02:59:56,Justin Brown
cct0162,cct_location_098,6f1586e3-5567-11e8-8dfe-dca9047ef277,2,night,1,camera_traps/images/cct0162.jpg,58b13076-23d2-11e8-a6a3-ec086b02610b,58b13076-23d2-11e8-a6a3-ec086b02610b.jpg,opossum,2012-05-10 02:59:57,Justin Brown
cct0163,cct_location_003,701cc233-5567-11e8-87c0-dca9047ef277,0,day,0,camera_traps/images/cct0163.jpg,59c31a78-23d2-11e8-a6a3-ec086b02610b,59c31a78-23d2-11e8-a6a3-ec086b02610b.jpg,empty,2014-07-22 16:05:20,Justin Brown
cct0164,cct_location_003,701cc233-5567-11e8-87c0-dca9047ef277,1,day,0,camera_traps/images/cct0164.jpg,5a096c07-23d2-11e8-a6a3-ec086b02610b,5a096c07-23d2-11e8-a6a3-ec086b02610b.jpg,empty,2014-07-22 16:05:21,Justin Brown
cct0165,cct_location_003,701cc233-5567-11e8-87c0-dca9047ef277,2,day,0,camera_traps/images/cct0165.jpg,59b12ed7-23d2-11e8-a6a3-ec086b02610b,59b12ed7-23d2-11e8-a6a3-ec086b02610b.jpg,empty,2014-07-22 16:05:22,Justin Brown
cct0166,cct_location_003,701ccee3-5567-11e8-9fb9-dca9047ef277,0,day,1,camera_traps/images/cct0166.jpg,5a116de0-23d2-11e8-a6a3-ec086b02610b,5a116de0-23d2-11e8-a6a3-ec086b02610b.jpg,bird,2014-12-01 10:00:23,Justin Brown
cct0167,cct_location_003,701ccee3-5567-11e8-9fb9-dca9047ef277,1,day,1,camera_traps/images/cct0167.jpg,59b93aa3-23d2-11e8-a6a3-ec086b02610b,59b93aa3-23d2-11e8-a6a3-ec086b02610b.jpg,bird,2014-12-01 10:00:24,Justin Brown
cct0168,cct_location_003,701ccee3-5567-11e8-9fb9-dca9047ef277,2,day,1,camera_traps/images/cct0168.jpg,59eaba09-23d2-11e8-a6a3-ec086b02610b,59eaba09-23d2-11e8-a6a3-ec086b02610b.jpg,bird,2014-12-01 10:00:25,Justin Brown
cct0169,cct_location_003,701ccfde-5567-11e8-ba26-dca9047ef277,0,day,0,camera_traps/images/cct0169.jpg,59b2e8b6-23d2-11e8-a6a3-ec086b02610b,59b2e8b6-23d2-11e8-a6a3-ec086b02610b.jpg,empty,2014-12-01 12:10:35,Justin Brown
cct0170,cct_location_003,701ccfde-5567-11e8-ba26-dca9047ef277,1,day,0,camera_traps/images/cct0170.jpg,59641d97-23d2-11e8-a6a3-ec086b02610b,59641d97-23d2-11e8-a6a3-ec086b02610b.jpg,empty,2014-12-01 12:10:36,Justin Brown
cct0171,cct_location_003,701ccfde-5567-11e8-ba26-dca9047ef277,2,day,0,camera_traps/images/cct0171.jpg,5a24a920-23d2-11e8-a6a3-ec086b02610b,5a24a920-23d2-11e8-a6a3-ec086b02610b.jpg,empty,2014-12-01 12:10:37,Justin Brown
cct0172,cct_location_003,701cd270-5567-11e8-89fe-dca9047ef277,0,day,0,camera_traps/images/cct0172.jpg,59ddc0dc-23d2-11e8-a6a3-ec086b02610b,59ddc0dc-23d2-11e8-a6a3-ec086b02610b.jpg,empty,2014-12-05 08:44:31,Justin Brown
cct0173,cct_location_003,701cd270-5567-11e8-89fe-dca9047ef277,1,day,0,camera_traps/images/cct0173.jpg,59641d3b-23d2-11e8-a6a3-ec086b02610b,59641d3b-23d2-11e8-a6a3-ec086b02610b.jpg,empty,2014-12-05 08:44:32,Justin Brown
cct0174,cct_location_003,701cd270-5567-11e8-89fe-dca9047ef277,2,day,0,camera_traps/images/cct0174.jpg,598de8d4-23d2-11e8-a6a3-ec086b02610b,598de8d4-23d2-11e8-a6a3-ec086b02610b.jpg,empty,2014-12-05 08:44:33,Justin Brown
cct0175,cct_location_003,701cdcae-5567-11e8-97e6-dca9047ef277,0,day,1,camera_traps/images/cct0175.jpg,59a62bb8-23d2-11e8-a6a3-ec086b02610b,59a62bb8-23d2-11e8-a6a3-ec086b02610b.jpg,bird,2014-12-11 09:40:00,Justin Brown
cct0176,cct_location_003,701cdcae-5567-11e8-97e6-dca9047ef277,1,day,1,camera_traps/images/cct0176.jpg,5a049300-23d2-11e8-a6a3-ec086b02610b,5a049300-23d2-11e8-a6a3-ec086b02610b.jpg,bird,2014-12-11 09:40:02,Justin Brown
cct0177,cct_location_003,701cdcae-5567-11e8-97e6-dca9047ef277,2,day,1,camera_traps/images/cct0177.jpg,5a1caf9d-23d2-11e8-a6a3-ec086b02610b,5a1caf9d-23d2-11e8-a6a3-ec086b02610b.jpg,bird,2014-12-11 09:40:03,Justin Brown
cct0178,cct_location_003,701cdd07-5567-11e8-8a70-dca9047ef277,0,day,1,camera_traps/images/cct0178.jpg,59d75359-23d2-11e8-a6a3-ec086b02610b,59d75359-23d2-11e8-a6a3-ec086b02610b.jpg,bird,2014-12-11 09:40:23,Justin Brown
cct0179,cct_location_003,701cdd07-5567-11e8-8a70-dca9047ef277,1,day,1,camera_traps/images/cct0179.jpg,59adfb21-23d2-11e8-a6a3-ec086b02610b,59adfb21-23d2-11e8-a6a3-ec086b02610b.jpg,bird,2014-12-11 09:40:24,Justin Brown
cct0180,cct_location_003,701cdd07-5567-11e8-8a70-dca9047ef277,2,day,1,camera_traps/images/cct0180.jpg,5a130b94-23d2-11e8-a6a3-ec086b02610b,5a130b94-23d2-11e8-a6a3-ec086b02610b.jpg,bird,2014-12-11 09:40:25,Justin Brown
cct0181,cct_location_051,6f1c7863-5567-11e8-ad23-dca9047ef277,0,night,0,camera_traps/images/cct0181.jpg,597e6467-23d2-11e8-a6a3-ec086b02610b,597e6467-23d2-11e8-a6a3-ec086b02610b.jpg,empty,2011-07-15 23:49:19,Justin Brown
cct0182,cct_location_051,6f1c7863-5567-11e8-ad23-dca9047ef277,1,night,0,camera_traps/images/cct0182.jpg,59aada6c-23d2-11e8-a6a3-ec086b02610b,59aada6c-23d2-11e8-a6a3-ec086b02610b.jpg,empty,2011-07-15 23:49:20,Justin Brown
cct0183,cct_location_051,6f1c7863-5567-11e8-ad23-dca9047ef277,2,night,0,camera_traps/images/cct0183.jpg,59973e9b-23d2-11e8-a6a3-ec086b02610b,59973e9b-23d2-11e8-a6a3-ec086b02610b.jpg,empty,2011-07-15 23:49:21,Justin Brown
cct0184,cct_location_051,6f1c828c-5567-11e8-b2b5-dca9047ef277,0,night,1,camera_traps/images/cct0184.jpg,59edf0e6-23d2-11e8-a6a3-ec086b02610b,59edf0e6-23d2-11e8-a6a3-ec086b02610b.jpg,bobcat,2011-07-16 03:50:50,Justin Brown
cct0185,cct_location_051,6f1c828c-5567-11e8-b2b5-dca9047ef277,1,night,1,camera_traps/images/cct0185.jpg,59830895-23d2-11e8-a6a3-ec086b02610b,59830895-23d2-11e8-a6a3-ec086b02610b.jpg,bobcat,2011-07-16 03:50:51,Justin Brown
cct0186,cct_location_051,6f1c828c-5567-11e8-b2b5-dca9047ef277,2,night,1,camera_traps/images/cct0186.jpg,59a17aef-23d2-11e8-a6a3-ec086b02610b,59a17aef-23d2-11e8-a6a3-ec086b02610b.jpg,bobcat,2011-07-16 03:50:52,Justin Brown
cct0187,cct_location_051,6f1c8854-5567-11e8-aeaa-dca9047ef277,0,day,1,camera_traps/images/cct0187.jpg,59cf483c-23d2-11e8-a6a3-ec086b02610b,59cf483c-23d2-11e8-a6a3-ec086b02610b.jpg,rabbit,2011-07-16 08:06:33,Justin Brown
cct0188,cct_location_051,6f1c8854-5567-11e8-aeaa-dca9047ef277,1,day,1,camera_traps/images/cct0188.jpg,596a4d38-23d2-11e8-a6a3-ec086b02610b,596a4d38-23d2-11e8-a6a3-ec086b02610b.jpg,rabbit,2011-07-16 08:06:34,Justin Brown
cct0189,cct_location_051,6f1c8854-5567-11e8-aeaa-dca9047ef277,2,day,1,camera_traps/images/cct0189.jpg,59f60033-23d2-11e8-a6a3-ec086b02610b,59f60033-23d2-11e8-a6a3-ec086b02610b.jpg,rabbit,2011-07-16 08:06:35,Justin Brown
cct0190,cct_location_051,6f1c9863-5567-11e8-ad36-dca9047ef277,0,night,1,camera_traps/images/cct0190.jpg,59f2c292-23d2-11e8-a6a3-ec086b02610b,59f2c292-23d2-11e8-a6a3-ec086b02610b.jpg,rabbit,2011-07-30 19:31:51,Justin Brown
cct0191,cct_location_051,6f1c9863-5567-11e8-ad36-dca9047ef277,1,night,1,camera_traps/images/cct0191.jpg,59aadbb6-23d2-11e8-a6a3-ec086b02610b,59aadbb6-23d2-11e8-a6a3-ec086b02610b.jpg,rabbit,2011-07-30 19:31:52,Justin Brown
cct0192,cct_location_051,6f1c9863-5567-11e8-ad36-dca9047ef277,2,night,1,camera_traps/images/cct0192.jpg,59fe2214-23d2-11e8-a6a3-ec086b02610b,59fe2214-23d2-11e8-a6a3-ec086b02610b.jpg,rabbit,2011-07-30 19:31:53,Justin Brown
cct0193,cct_location_051,6f1cc0d1-5567-11e8-92e8-dca9047ef277,0,day,0,camera_traps/images/cct0193.jpg,5965ab1b-23d2-11e8-a6a3-ec086b02610b,5965ab1b-23d2-11e8-a6a3-ec086b02610b.jpg,empty,2011-09-03 11:41:06,Justin Brown
cct0194,cct_location_051,6f1cc0d1-5567-11e8-92e8-dca9047ef277,1,day,0,camera_traps/images/cct0194.jpg,5a015d55-23d2-11e8-a6a3-ec086b02610b,5a015d55-23d2-11e8-a6a3-ec086b02610b.jpg,empty,2011-09-03 11:41:07,Justin Brown
cct0195,cct_location_051,6f1cc0d1-5567-11e8-92e8-dca9047ef277,2,day,0,camera_traps/images/cct0195.jpg,5997402e-23d2-11e8-a6a3-ec086b02610b,5997402e-23d2-11e8-a6a3-ec086b02610b.jpg,empty,2011-09-03 11:41:08,Justin Brown
cct0196,cct_location_051,6f1d0445-5567-11e8-84ba-dca9047ef277,0,day,0,camera_traps/images/cct0196.jpg,59bacb0a-23d2-11e8-a6a3-ec086b02610b,59bacb0a-23d2-11e8-a6a3-ec086b02610b.jpg,empty,2012-04-01 14:34:11,Justin Brown
cct0197,cct_location_051,6f1d0445-5567-11e8-84ba-dca9047ef277,1,day,0,camera_traps/images/cct0197.jpg,5a1979ba-23d2-11e8-a6a3-ec086b02610b,5a1979ba-23d2-11e8-a6a3-ec086b02610b.jpg,empty,2012-04-01 14:34:12,Justin Brown
cct0198,cct_location_051,6f1d0445-5567-11e8-84ba-dca9047ef277,2,day,0,camera_traps/images/cct0198.jpg,596eeeb7-23d2-11e8-a6a3-ec086b02610b,596eeeb7-23d2-11e8-a6a3-ec086b02610b.jpg,empty,2012-04-01 14:34:13,Justin Brown
cct0199,cct_location_072,70146c05-5567-11e8-aae1-dca9047ef277,0,night,1,camera_traps/images/cct0199.jpg,594b5fd6-23d2-11e8-a6a3-ec086b02610b,594b5fd6-23d2-11e8-a6a3-ec086b02610b.jpg,fox,2013-08-22 20:45:26,Justin Brown
cct0200,cct_location_072,70146c05-5567-11e8-aae1-dca9047ef277,1,night,1,camera_traps/images/cct0200.jpg,59518f7b-23d2-11e8-a6a3-ec086b02610b,59518f7b-23d2-11e8-a6a3-ec086b02610b.jpg,fox,2013-08-22 20:45:27,Justin Brown
cct0201,cct_location_072,70146c05-5567-11e8-aae1-dca9047ef277,2,night,1,camera_traps/images/cct0201.jpg,594cea9e-23d2-11e8-a6a3-ec086b02610b,594cea9e-23d2-11e8-a6a3-ec086b02610b.jpg,fox,2013-08-22 20:45:28,Justin Brown
cct0202,cct_location_072,70146cae-5567-11e8-8f74-dca9047ef277,0,day,1,camera_traps/images/cct0202.jpg,595add21-23d2-11e8-a6a3-ec086b02610b,595add21-23d2-11e8-a6a3-ec086b02610b.jpg,coyote,2013-09-10 09:28:48,Justin Brown
cct0203,cct_location_072,70146cae-5567-11e8-8f74-dca9047ef277,1,day,1,camera_traps/images/cct0203.jpg,5957c141-23d2-11e8-a6a3-ec086b02610b,5957c141-23d2-11e8-a6a3-ec086b02610b.jpg,coyote,2013-09-10 09:28:49,Justin Brown
cct0204,cct_location_072,70146cae-5567-11e8-8f74-dca9047ef277,2,day,1,camera_traps/images/cct0204.jpg,595f7c52-23d2-11e8-a6a3-ec086b02610b,595f7c52-23d2-11e8-a6a3-ec086b02610b.jpg,coyote,2013-09-10 09:28:50,Justin Brown
cct0205,cct_location_072,7014710f-5567-11e8-9d02-dca9047ef277,0,night,1,camera_traps/images/cct0205.jpg,5954a909-23d2-11e8-a6a3-ec086b02610b,5954a909-23d2-11e8-a6a3-ec086b02610b.jpg,coyote,2013-10-05 19:20:07,Justin Brown
cct0206,cct_location_072,7014710f-5567-11e8-9d02-dca9047ef277,1,night,1,camera_traps/images/cct0206.jpg,595003f9-23d2-11e8-a6a3-ec086b02610b,595003f9-23d2-11e8-a6a3-ec086b02610b.jpg,coyote,2013-10-05 19:20:08,Justin Brown
cct0207,cct_location_072,7014710f-5567-11e8-9d02-dca9047ef277,2,night,1,camera_traps/images/cct0207.jpg,5957c4e2-23d2-11e8-a6a3-ec086b02610b,5957c4e2-23d2-11e8-a6a3-ec086b02610b.jpg,coyote,2013-10-05 19:20:09,Justin Brown
cct0208,cct_location_072,701471b8-5567-11e8-bafe-dca9047ef277,0,day,0,camera_traps/images/cct0208.jpg,596294c9-23d2-11e8-a6a3-ec086b02610b,596294c9-23d2-11e8-a6a3-ec086b02610b.jpg,empty,2013-10-07 12:29:32,Justin Brown
cct0209,cct_location_072,701471b8-5567-11e8-bafe-dca9047ef277,1,day,0,camera_traps/images/cct0209.jpg,5954a9ad-23d2-11e8-a6a3-ec086b02610b,5954a9ad-23d2-11e8-a6a3-ec086b02610b.jpg,empty,2013-10-07 12:29:33,Justin Brown
cct0210,cct_location_072,701471b8-5567-11e8-bafe-dca9047ef277,2,day,0,camera_traps/images/cct0210.jpg,5954a99c-23d2-11e8-a6a3-ec086b02610b,5954a99c-23d2-11e8-a6a3-ec086b02610b.jpg,empty,2013-10-07 12:29:34,Justin Brown
cct0211,cct_location_072,70147211-5567-11e8-819c-dca9047ef277,0,day,0,camera_traps/images/cct0211.jpg,59518ecc-23d2-11e8-a6a3-ec086b02610b,59518ecc-23d2-11e8-a6a3-ec086b02610b.jpg,empty,2013-10-08 09:38:21,Justin Brown
cct0212,cct_location_072,70147211-5567-11e8-819c-dca9047ef277,1,day,0,camera_traps/images/cct0212.jpg,595f7a11-23d2-11e8-a6a3-ec086b02610b,595f7a11-23d2-11e8-a6a3-ec086b02610b.jpg,empty,2013-10-08 09:38:22,Justin Brown
cct0213,cct_location_072,70147211-5567-11e8-819c-dca9047ef277,2,day,0,camera_traps/images/cct0213.jpg,5951914c-23d2-11e8-a6a3-ec086b02610b,5951914c-23d2-11e8-a6a3-ec086b02610b.jpg,empty,2013-10-08 09:38:23,Justin Brown
cct0214,cct_location_072,7014745e-5567-11e8-aadd-dca9047ef277,0,night,0,camera_traps/images/cct0214.jpg,595c68ca-23d2-11e8-a6a3-ec086b02610b,595c68ca-23d2-11e8-a6a3-ec086b02610b.jpg,empty,2014-08-17 22:25:34,Justin Brown
cct0215,cct_location_072,7014745e-5567-11e8-aadd-dca9047ef277,1,night,0,camera_traps/images/cct0215.jpg,594cea71-23d2-11e8-a6a3-ec086b02610b,594cea71-23d2-11e8-a6a3-ec086b02610b.jpg,empty,2014-08-17 22:25:36,Justin Brown
cct0216,cct_location_072,7014745e-5567-11e8-aadd-dca9047ef277,2,night,0,camera_traps/images/cct0216.jpg,595ded09-23d2-11e8-a6a3-ec086b02610b,595ded09-23d2-11e8-a6a3-ec086b02610b.jpg,empty,2014-08-17 22:25:37,Justin Brown
